{
  "train": {
    "loss": [
      1.958602927139113
    ],
    "accuracy": [
      0.15370018208656114
    ]
  },
  "val": {
    "loss": [
      0.2777497834488273
    ],
    "accuracy": [
      0.16844349680170576
    ]
  }
}